,Category,Fund Family,Net Assets,YTD Return,Yield,Morningstar Rating,Inception Date,Last Dividend,Last Cap Gain,Holdings Turnover,Average for Category,Expense,Annual Report Expense Ratio (net),Prospectus Net Expense Ratio,Prospectus Gross Expense Ratio,Max 12b1 Fee,Max Front End Sales Load,Max Deferred Sales Load,3 Yr Expense Projection,5 Yr Expense Projection,10 Yr Expense Projection,TRHistoryAvailable
0,Mid-Cap Growth,Sit,95.6M,20.32%,0.00%,★,"Jun 30, 1994",0.00,0.00,26.34%,N/A,SSMGX,1.50%,1.50%,1.50%,N/A,N/A,N/A,477,824,"1,801",True
1,Mid-Cap Growth,PGIM Funds (Prudential),3.35B,30.04%,0.00%,★★★,"Dec 30, 1996",0.00,0.00,36.00%,N/A,PEEAX,1.06%,1.06%,1.06%,0.30%,5.50%,N/A,869,"1,103","1,773",True
2,Mid-Cap Growth,TIAA Investments,1.47B,27.25%,0.04%,★★★,"Sep 30, 2002",0.00,0.00,70.00%,N/A,TCMGX,0.77%,0.77%,0.77%,0.25%,N/A,N/A,246,428,954,True
3,Mid-Cap Growth,Guggenheim Investments,86.76M,22.79%,0.00%,★★,"Jan 28, 1999",0.00,0.00,52.00%,N/A,SUFCX,2.33%,2.33%,2.36%,1.00%,N/A,1.00%,734,"1,258","2,694",True
4,Mid-Cap Growth,William Blair,2.89B,27.71%,0.00%,★★★★,"Dec 28, 2003",0.00,0.00,46.00%,N/A,WSMNX,1.35%,1.35%,1.44%,0.25%,N/A,N/A,447,778,"1,716",True
5,Mid-Cap Growth,Alger,189.73M,29.07%,0.00%,★★,"Jul 30, 1997",0.00,0.00,125.34%,N/A,AMGCX,2.11%,2.11%,2.11%,1.00%,N/A,1.00%,661,"1,134","2,441",True
6,Mid-Cap Growth,Hartford Mutual Funds,13.97B,25.07%,0.00%,★★★,"Dec 30, 1997",0.00,0.00,37.00%,N/A,HFMCX,1.11%,1.11%,1.11%,0.25%,5.50%,N/A,883,"1,128","1,827",True
7,Mid-Cap Growth,AMG Funds,97.63M,13.41%,0.08%,★★,"Jan 12, 1997",0.03,0.00,46.00%,N/A,MCMAX,1.08%,1.08%,1.09%,0.25%,N/A,N/A,346,600,"1,328",True
8,Mid-Cap Growth,Jackson Square,979.78M,19.05%,0.19%,★★★★,"Sep 18, 2016",0.05,0.00,47.00%,N/A,JSMTX,0.97%,0.97%,0.99%,0.00%,N/A,N/A,313,545,"1,211",True
9,Mid-Cap Growth,Hennessy,1.75B,25.54%,0.00%,★★★,"Jan 2, 1997",0.00,0.00,13.00%,N/A,HFCSX,1.48%,1.48%,1.48%,0.15%,N/A,N/A,468,808,"1,768",True
10,Mid-Cap Growth,JPMorgan,4.55B,28.32%,0.00%,★★★,"Nov 3, 1997",0.00,0.00,N/A,N/A,OMGCX,1.74%,1.74%,1.77%,0.75%,N/A,1.00%,554,956,"2,081",True
11,Mid-Cap Growth,Artisan,5.29B,33.63%,0.00%,★★★,"Mar 31, 2015",0.00,0.00,49.83%,N/A,APDMX,1.05%,1.05%,1.05%,N/A,N/A,N/A,334,579,"1,283",True
12,Mid-Cap Growth,Touchstone,1.2B,28.25%,0.00%,★★★★,"Mar 31, 2011",0.00,0.00,71.00%,N/A,TEGIX,0.97%,0.97%,0.97%,N/A,N/A,N/A,309,536,"1,190",True
13,Mid-Cap Growth,JPMorgan,4.55B,28.75%,0.00%,★★★,"Feb 17, 1992",0.00,0.00,N/A,N/A,OSGIX,1.24%,1.24%,1.31%,0.25%,5.25%,N/A,912,"1,199","2,015",True
14,Mid-Cap Growth,Touchstone,1.2B,28.20%,0.00%,★★★★,"Feb 1, 2009",0.00,0.00,71.00%,N/A,TEGYX,1.02%,1.02%,1.02%,N/A,N/A,N/A,325,563,"1,248",True
15,Mid-Cap Growth,AMG Funds,2.02B,28.20%,0.00%,★★★,"Feb 23, 2017",0.00,0.00,59.00%,N/A,TQMIX,1.03%,1.03%,1.03%,N/A,N/A,N/A,328,569,"1,259",True
16,Mid-Cap Growth,Riverbridge,114.55M,23.27%,0.00%,★★★★★,"Dec 30, 2012",0.00,0.00,25.00%,N/A,RIVBX,0.96%,0.96%,1.18%,N/A,N/A,N/A,353,628,"1,412",True
17,Mid-Cap Growth,Sit,162.2M,20.41%,0.00%,★★,"Sep 1, 1982",0.00,0.00,27.70%,N/A,NBNGX,1.25%,1.25%,1.25%,N/A,N/A,N/A,399,690,"1,518",True
18,Mid-Cap Growth,Wells Fargo Funds,2.57B,36.01%,0.00%,★★★★★,"Aug 30, 2006",0.00,0.00,67.00%,N/A,WFDSX,0.88%,0.88%,0.88%,0.00%,N/A,N/A,281,488,"1,084",True
19,Mid-Cap Growth,Eventide Funds,2.57B,28.04%,0.00%,★★★★,"Jul 7, 2008",0.00,0.00,38.00%,N/A,ETGLX,1.40%,1.40%,1.40%,0.20%,N/A,N/A,443,766,"1,680",True
20,Mid-Cap Growth,William Blair,2.89B,27.98%,0.00%,★★★★★,"Dec 28, 2003",0.00,0.00,46.00%,N/A,WSMDX,1.10%,1.10%,1.16%,N/A,N/A,N/A,363,633,"1,404",True
21,Mid-Cap Growth,Conestoga Capital Advisors,124.03M,28.66%,0.00%,★★★★★,"Jan 20, 2014",0.00,0.00,8.00%,N/A,CCSMX,1.10%,1.10%,2.15%,0.25%,N/A,N/A,572,"1,058","2,400",True
22,Mid-Cap Growth,Azzad Fund,88.56M,21.78%,0.00%,★★,"Dec 21, 2000",0.00,0.00,49.29%,N/A,ADJEX,0.99%,0.99%,1.15%,0.15%,N/A,N/A,315,547,"1,318",True
23,Mid-Cap Growth,Vanguard,14.2B,24.79%,0.70%,★★★,"Sep 26, 2011",0.03,0.00,25.00%,N/A,VMGMX,0.07%,0.07%,0.07%,N/A,N/A,N/A,23,40,90,True
24,Mid-Cap Growth,Federated,6.83B,28.77%,0.00%,★★★★,"Dec 28, 2016",0.00,0.00,33.00%,N/A,KAUIX,1.53%,1.53%,1.56%,N/A,N/A,N/A,493,850,"1,856",True
25,Mid-Cap Growth,Legg Mason,637.85M,23.19%,0.00%,★★★★★,"Sep 22, 2013",0.00,0.00,27.00%,N/A,LCLAX,1.59%,1.59%,1.68%,0.25%,5.75%,N/A,"1,065","1,427","2,440",True
26,Mid-Cap Growth,Baird,2.07B,29.18%,0.00%,★★★★,"Dec 28, 2000",0.00,0.00,38.00%,N/A,BMDIX,0.81%,0.81%,0.81%,N/A,N/A,N/A,259,450,"1,002",True
27,Mid-Cap Growth,PGIM Funds (Prudential),3.35B,29.32%,0.00%,★★,"Dec 30, 1996",0.00,0.00,36.00%,N/A,PEGCX,1.69%,1.69%,1.69%,1.00%,N/A,1.00%,533,918,"1,998",True
28,Mid-Cap Growth,Allianz Funds,310.2M,31.94%,0.00%,★★★,"Feb 4, 2002",0.00,0.00,60.00%,N/A,RMDCX,1.89%,1.89%,1.89%,1.00%,N/A,1.00%,594,"1,021","2,212",True
29,Mid-Cap Growth,Federated,6.83B,27.79%,0.00%,★★★★,"Apr 23, 2001",0.00,0.00,33.00%,N/A,KAUCX,2.53%,2.53%,2.56%,0.75%,N/A,1.00%,796,"1,360","2,895",True
30,Mid-Cap Growth,Baron Capital Group,231.59M,14.98%,0.00%,★★★,"May 28, 2009",0.00,0.00,1.85%,N/A,BFGIX,1.09%,1.09%,1.09%,0.00%,N/A,N/A,347,601,"1,329",True
31,Mid-Cap Growth,Invesco,1.58B,33.14%,0.00%,★★★,"Oct 31, 2000",0.00,0.00,108.00%,N/A,OEGCX,1.86%,1.86%,1.90%,1.00%,N/A,1.00%,589,"1,019","2,215",True
32,Mid-Cap Growth,Ivy Funds,4.8B,26.89%,0.00%,★★★,"Jun 29, 2000",0.00,0.00,38.00%,N/A,WMGAX,1.21%,1.21%,1.25%,0.25%,5.75%,N/A,945,"1,218","1,996",True
33,Mid-Cap Growth,Guggenheim Investments,86.76M,23.41%,0.54%,★★★,"Apr 30, 2015",0.26,0.00,52.00%,N/A,SEUPX,1.68%,1.68%,1.71%,0.25%,N/A,N/A,536,925,"2,017",True
34,Mid-Cap Growth,Aquila,313.4M,26.38%,0.00%,★★★,"Apr 30, 1996",0.00,0.00,123.00%,N/A,ATGCX,2.12%,2.12%,2.12%,1.00%,N/A,1.00%,664,"1,139","2,110",True
35,Mid-Cap Growth,Wells Fargo Funds,2.57B,35.78%,0.00%,★★★★★,"Apr 7, 2005",0.00,0.00,67.00%,N/A,WFDDX,1.13%,1.13%,1.13%,0.00%,N/A,N/A,359,622,"1,375",True
36,Mid-Cap Growth,BlackRock,4.94B,35.75%,0.00%,★★★★★,"Dec 26, 1996",0.00,0.00,43.00%,N/A,CMGIX,0.80%,0.80%,0.90%,N/A,N/A,N/A,277,489,"1,099",True
37,Mid-Cap Growth,Motley Fool,266.88M,18.80%,0.00%,★★,"Oct 31, 2010",0.00,0.00,19.00%,N/A,TMFGX,1.12%,1.12%,1.06%,N/A,N/A,N/A,356,617,"1,363",True
38,Mid-Cap Growth,Pioneer Investments,2.07B,24.49%,0.00%,★★★,"Jan 6, 2002",0.00,0.00,82.00%,N/A,GOFCX,1.78%,1.78%,1.78%,1.00%,N/A,1.00%,560,964,"2,095",True
39,Mid-Cap Growth,Virtus,417.73M,21.00%,0.00%,★★★★,"Jun 21, 2009",0.00,0.00,N/A,N/A,VMACX,1.20%,1.20%,1.39%,0.25%,5.75%,N/A,972,"1,275","2,132",True
40,Mid-Cap Growth,Madison Funds,550.58M,23.47%,0.02%,★★★★,"Jul 20, 1983",0.00,0.00,27.00%,N/A,GTSGX,0.98%,0.98%,0.98%,N/A,N/A,N/A,312,542,"1,201",True
41,Mid-Cap Growth,Principal Funds,1.12B,28.59%,0.01%,★★★,"Feb 28, 2001",0.00,0.00,44.30%,N/A,PPIMX,0.91%,0.91%,0.99%,N/A,N/A,N/A,307,539,"1,206",True
42,Mid-Cap Growth,Virtus,544.36M,34.14%,0.00%,★★★★,"Jan 1, 2001",0.00,0.00,N/A,N/A,PSKCX,2.16%,2.16%,2.18%,1.00%,N/A,1.00%,680,"1,168","2,512",True
43,Mid-Cap Growth,Principal Funds,180.84M,28.88%,0.00%,★★★,"Feb 28, 2001",0.00,0.00,114.20%,N/A,PGWIX,0.75%,0.75%,0.77%,N/A,N/A,N/A,244,426,952,True
44,Mid-Cap Growth,HSBC,133.23M,18.61%,0.00%,★★★,"Sep 2, 1996",0.00,0.00,77.00%,N/A,RESCX,1.10%,1.10%,1.39%,0.00%,N/A,N/A,412,733,"1,643",True
45,Mid-Cap Growth,Motley Fool,266.88M,18.95%,0.00%,★★,"Jun 16, 2014",0.00,0.00,19.00%,N/A,FOGIX,0.95%,0.95%,1.17%,N/A,N/A,N/A,"3,498","6,224","14,008",True
46,Mid-Cap Growth,Conestoga Capital Advisors,124.03M,28.88%,0.00%,★★★★★,"Dec 14, 2014",0.00,0.00,8.00%,N/A,CCSGX,0.85%,0.85%,1.62%,0.00%,N/A,N/A,436,809,"1,857",True
47,Mid-Cap Growth,AMG Funds,2.02B,28.07%,0.00%,★★★,"Mar 3, 2005",0.00,0.00,59.00%,N/A,TMDPX,1.18%,1.18%,1.18%,N/A,N/A,N/A,375,649,"1,432",True
48,Mid-Cap Growth,MFS,5.97B,30.20%,0.00%,★★★★,"Jul 31, 1994",0.00,0.00,33.00%,N/A,OTCCX,1.88%,1.88%,1.88%,1.00%,N/A,1.00%,591,"1,016","2,201",True
49,Mid-Cap Growth,Victory,238.17M,27.43%,0.00%,★★★★,"Apr 30, 2009",0.00,0.00,79.00%,N/A,RSSYX,1.14%,1.14%,1.21%,N/A,N/A,N/A,377,658,"1,460",True
50,Mid-Cap Growth,Neuberger Berman,1.44B,28.54%,0.00%,★★★,"May 26, 2009",0.00,0.00,50.00%,N/A,NMGAX,1.08%,1.08%,1.08%,0.25%,5.75%,N/A,899,"1,136","1,816",True
51,Mid-Cap Growth,DF Dent Funds,137.88M,33.21%,0.00%,★★★★★,"Jun 30, 2011",0.00,0.00,29.00%,N/A,DFDMX,0.98%,0.98%,1.31%,N/A,N/A,N/A,383,687,"1,550",True
52,Mid-Cap Growth,Hennessy,1.75B,25.83%,0.00%,★★★★,"May 29, 2008",0.00,0.00,13.00%,N/A,HFCIX,1.10%,1.10%,1.10%,N/A,N/A,N/A,350,606,"1,340",True
53,Mid-Cap Growth,AllianceBernstein,2.61B,25.06%,0.00%,★★★★,"Jul 6, 1938",0.00,0.00,72.00%,N/A,CHCLX,0.96%,0.96%,0.96%,0.23%,4.25%,N/A,718,933,"1,553",True
54,Mid-Cap Growth,Baird,2.07B,28.94%,0.00%,★★★★,"Dec 28, 2000",0.00,0.00,38.00%,N/A,BMDSX,1.06%,1.06%,1.06%,0.25%,N/A,N/A,337,585,"1,294",True
55,Mid-Cap Growth,Victory,509.29M,26.85%,0.00%,★★★★,"Jul 11, 1995",0.00,0.00,126.00%,N/A,RSMOX,1.20%,1.20%,1.34%,0.25%,5.75%,N/A,962,"1,254","2,083",True
56,Mid-Cap Growth,Riverbridge,114.55M,23.24%,0.00%,★★★★★,"Dec 30, 2012",0.00,0.00,25.00%,N/A,RIVRX,1.21%,1.21%,1.43%,0.25%,N/A,N/A,431,761,"1,694",True
57,Mid-Cap Growth,Wells Fargo Funds,782.69M,35.46%,0.00%,★★★★,"Jun 29, 2003",0.00,0.00,62.00%,N/A,WFEIX,0.85%,0.85%,0.92%,0.00%,N/A,N/A,286,502,"1,125",True
58,Mid-Cap Growth,Congress,1.06B,22.76%,0.01%,★★★,"Oct 30, 2012",0.00,0.00,44.00%,N/A,IMIDX,0.83%,0.83%,0.83%,N/A,N/A,N/A,265,460,"1,025",True
59,Mid-Cap Growth,American Beacon,317.89M,22.87%,0.00%,★★★★,"Jan 31, 2006",0.00,0.00,N/A,N/A,STMGX,1.25%,1.25%,1.27%,N/A,N/A,N/A,401,695,"1,532",True
60,Mid-Cap Growth,Kinetics,745.16M,20.20%,0.00%,★★,"Jun 27, 2002",0.00,0.00,3.00%,N/A,KNPCX,2.39%,2.39%,2.48%,1.00%,N/A,1.00%,764,"1,312","2,809",True
61,Mid-Cap Growth,Voya,1.18B,21.36%,0.00%,★★★,"Aug 19, 1998",0.00,0.00,103.00%,N/A,NMCAX,1.26%,1.26%,1.26%,0.25%,5.75%,N/A,952,"1,227","2,010",True
62,Mid-Cap Growth,HSBC,133.23M,17.69%,0.00%,★★,"Nov 3, 1998",0.00,0.00,77.00%,N/A,HOPCX,2.40%,2.40%,6.12%,0.75%,N/A,1.00%,"1,485","2,699","5,308",True
63,Mid-Cap Growth,BNY Mellon,2.12B,26.96%,0.00%,★★★,"Mar 30, 2009",0.00,0.00,56.70%,N/A,DBMCX,1.73%,1.73%,1.73%,0.75%,N/A,1.00%,545,939,"2,041",True
64,Mid-Cap Growth,Invesco,1.58B,33.83%,0.00%,★★★★,"Oct 31, 2000",0.00,0.00,108.00%,N/A,OEGAX,1.12%,1.12%,1.15%,0.25%,5.50%,N/A,890,"1,143","1,865",True
65,Mid-Cap Growth,JPMorgan,2.71B,21.09%,0.00%,★★,"Nov 1, 2009",0.00,0.00,34.00%,N/A,JMCCX,1.64%,1.64%,1.77%,0.75%,N/A,1.00%,545,947,"2,073",True
66,Mid-Cap Growth,Harbor,257.12M,31.42%,0.00%,★★★★,"Oct 31, 2000",0.00,0.00,85.00%,N/A,HAMGX,0.86%,0.86%,0.89%,N/A,N/A,N/A,281,490,"1,093",True
67,Mid-Cap Growth,Wells Fargo Funds,2.57B,35.00%,0.00%,★★★★,"Jul 30, 2007",0.00,0.00,67.00%,N/A,WDSCX,1.96%,1.96%,1.96%,0.75%,N/A,1.00%,615,"1,057","2,285",True
68,Mid-Cap Growth,Bright Rock,70.66M,22.91%,0.00%,★★★★,"May 25, 2010",0.00,0.00,10.60%,N/A,BQMGX,1.18%,1.18%,1.18%,N/A,N/A,N/A,375,649,"1,432",True
69,Mid-Cap Growth,RMB Funds,180.49M,22.34%,0.00%,★★,"Dec 30, 2004",0.00,0.00,16.00%,N/A,RMBMX,0.96%,0.96%,1.03%,N/A,N/A,N/A,321,562,"1,253",True
70,Mid-Cap Growth,Baron Capital Group,4.44B,31.89%,0.00%,★★★★,"Jun 11, 1987",0.00,0.00,9.87%,N/A,BARAX,1.30%,1.30%,1.30%,0.25%,N/A,N/A,412,713,"1,568",True
71,Mid-Cap Growth,AMG Funds,97.63M,13.59%,0.32%,★★,"Nov 29, 1994",0.10,0.00,46.00%,N/A,MCMYX,0.87%,0.87%,0.88%,N/A,N/A,N/A,280,487,"1,083",True
72,Mid-Cap Growth,Touchstone,1.2B,28.01%,0.00%,★★★★,"Oct 2, 1994",0.00,0.00,71.00%,N/A,TEGAX,1.27%,1.27%,1.27%,0.25%,5.00%,N/A,883,"1,162","1,957",True
73,Mid-Cap Growth,PGIM Funds (Prudential),3.35B,29.95%,0.00%,★★★,"Dec 26, 2017",0.00,0.00,36.00%,N/A,PEGEX,1.08%,1.08%,244.89%,0.25%,N/A,N/A,"10,502","10,502","10,502",True
74,Mid-Cap Growth,Federated,587.76M,25.96%,0.00%,★★★,"Aug 22, 1984",0.00,0.00,171.00%,N/A,FGSAX,1.15%,1.15%,1.29%,N/A,5.50%,N/A,936,"1,219","2,021",True
75,Mid-Cap Growth,JPMorgan,4.55B,29.03%,0.00%,★★★★,"Mar 1, 1989",0.00,0.00,N/A,N/A,HLGEX,0.93%,0.93%,1.01%,N/A,N/A,N/A,314,550,"1,229",True
76,Mid-Cap Growth,Baron Capital Group,2.38B,24.79%,0.00%,★★★★,"Apr 29, 2003",0.12,0.00,8.09%,N/A,BPTRX,2.03%,2.03%,2.03%,0.25%,N/A,N/A,637,"1,093","2,358",True
77,Mid-Cap Growth,Carillon Family of Funds,5.78B,28.26%,0.00%,★★★★,"Aug 19, 1998",0.00,0.00,44.00%,N/A,HAGAX,1.04%,1.04%,1.04%,0.25%,4.75%,N/A,790,"1,022","1,686",True
78,Mid-Cap Growth,Baron Capital Group,6.92B,30.87%,0.00%,★★★★,"May 28, 2009",0.00,0.00,2.92%,N/A,BGRIX,1.03%,1.03%,1.03%,0.00%,N/A,N/A,328,569,"1,259",True
79,Mid-Cap Growth,Franklin Templeton Investments,3.42B,24.55%,0.00%,★★,"Oct 1, 1995",0.00,0.00,54.28%,N/A,FRSIX,1.66%,1.66%,1.67%,1.00%,N/A,1.00%,526,907,"1,976",True
80,Mid-Cap Growth,Buffalo,1.78B,27.69%,0.00%,★★★★,"Apr 15, 2001",0.00,0.00,77.00%,N/A,BUFTX,1.02%,1.02%,1.02%,N/A,N/A,N/A,325,563,"1,248",True
81,Mid-Cap Growth,Eventide Funds,2.57B,28.20%,0.00%,★★★★,"Feb 1, 2010",0.00,0.00,38.00%,N/A,ETILX,1.20%,1.20%,1.20%,0.00%,N/A,N/A,381,660,"1,455",True
82,Mid-Cap Growth,Artisan,5.29B,33.50%,0.00%,★★★★,"Jun 26, 1997",0.00,0.00,49.83%,N/A,ARTMX,1.18%,1.18%,1.18%,N/A,N/A,N/A,375,649,"1,432",True
83,Mid-Cap Growth,AllianceBernstein,2.61B,24.29%,0.00%,★★★,"May 2, 1993",0.00,0.00,72.00%,N/A,CHCCX,1.74%,1.74%,1.74%,1.00%,N/A,1.00%,548,944,"2,052",True
84,Mid-Cap Growth,Carillon Family of Funds,5.78B,28.51%,0.00%,★★★★,"Jun 20, 2006",0.00,0.00,44.00%,N/A,HAGIX,0.75%,0.75%,0.75%,0.00%,N/A,N/A,240,417,930,True
85,Small Growth,Pioneer Investments,567.27M,15.15%,0.00%,★★★,"Sep 25, 2005",N/A,0.00,137.00%,N/A,GROYX,0.75%,0.75%,0.75%,0.00%,N/A,N/A,240,417,930,False
86,Mid-Cap Growth,Hartford Mutual Funds,13.97B,25.28%,0.00%,★★★,"May 28, 2009",0.00,0.00,37.00%,N/A,HFMTX,0.85%,0.85%,0.85%,N/A,N/A,N/A,271,471,"1,049",True
87,Mid-Cap Growth,Jackson Square,979.78M,18.81%,0.08%,★★★★,"Sep 18, 2016",0.02,0.00,47.00%,N/A,JSMVX,1.22%,1.22%,1.24%,0.25%,N/A,N/A,391,679,"1,498",True
88,Mid-Cap Growth,BlackRock,4.94B,35.55%,0.00%,★★★★★,"Dec 26, 1996",0.00,0.00,43.00%,N/A,CMGSX,1.05%,1.05%,1.22%,0.25%,N/A,N/A,370,654,"1,462",True
89,Mid-Cap Growth,Nicholas,917.36M,25.29%,0.57%,★★★★,"Oct 16, 1983",0.18,0.00,26.63%,N/A,NCTWX,0.60%,0.60%,0.60%,N/A,N/A,N/A,192,335,750,True
90,Mid-Cap Growth,Virtus,417.73M,21.19%,0.00%,★★★★,"Jun 21, 2009",0.00,0.00,N/A,N/A,VIMCX,0.95%,0.95%,1.14%,N/A,N/A,N/A,343,609,"1,369",True
91,Mid-Cap Growth,MFS,5.97B,30.85%,0.00%,★★★★★,"Nov 30, 1993",0.00,0.00,33.00%,N/A,OTCAX,1.13%,1.13%,1.13%,0.25%,5.75%,N/A,913,"1,161","1,871",True
92,Mid-Cap Growth,Hodges,156.19M,12.96%,0.00%,★,"Dec 11, 2008",0.00,0.00,119.00%,N/A,HDPIX,0.93%,0.93%,1.09%,N/A,N/A,N/A,331,585,"1,314",True
93,Mid-Cap Growth,Legg Mason,91.79M,24.25%,0.00%,★★,"Aug 30, 2010",0.00,0.00,21.00%,N/A,LBGIX,0.85%,0.85%,1.06%,N/A,N/A,N/A,317,565,"1,276",True
94,Mid-Cap Growth,Nationwide,590.38M,22.46%,0.00%,★★★,"May 7, 2000",0.00,0.00,14.29%,N/A,NWHWX,1.88%,1.88%,1.88%,1.00%,N/A,1.00%,591,"1,016","2,201",True
95,Mid-Cap Growth,Carillon Family of Funds,5.78B,27.65%,0.00%,★★★,"Aug 19, 1998",0.00,0.00,44.00%,N/A,HAGCX,1.74%,1.74%,1.74%,1.00%,N/A,1.00%,548,944,"2,052",True
96,Mid-Cap Growth,Baron Capital Group,2.38B,24.99%,0.00%,★★★★,"May 28, 2009",0.22,0.00,8.09%,N/A,BPTIX,1.77%,1.77%,1.77%,0.00%,N/A,N/A,557,959,"2,084",True
97,Mid-Cap Growth,Hartford Mutual Funds,13.97B,25.36%,0.00%,★★★,"Nov 6, 2014",0.00,0.00,37.00%,N/A,HFMVX,0.75%,0.75%,0.75%,N/A,N/A,N/A,240,417,930,True
98,Mid-Cap Growth,Value Line,387.54M,30.93%,0.00%,★★★★★,"Feb 28, 1950",0.00,0.00,10.00%,N/A,VLIFX,1.18%,1.18%,1.18%,0.25%,N/A,N/A,375,649,"1,432",True
99,Mid-Cap Growth,William Blair,69.6M,27.75%,0.00%,★★★,"Jan 31, 2006",0.00,0.00,58.00%,N/A,WCGIX,0.95%,0.95%,1.26%,N/A,N/A,N/A,369,662,"1,495",True
100,Mid-Cap Growth,Eventide Funds,2.57B,27.34%,0.00%,★★★,"Oct 27, 2009",0.00,0.00,38.00%,N/A,ETCGX,2.20%,2.20%,2.20%,1.00%,N/A,N/A,688,"1,180","2,534",True
101,Mid-Cap Growth,Value Line,471.02M,30.62%,0.00%,★★★★,"May 30, 1956",0.00,0.00,8.00%,N/A,VALSX,1.20%,1.20%,1.20%,0.25%,N/A,N/A,381,660,"1,455",True
102,Mid-Cap Growth,Federated,587.76M,25.33%,0.00%,★★★,"Aug 15, 1995",0.00,0.00,171.00%,N/A,FGSCX,1.89%,1.89%,2.05%,0.75%,N/A,1.00%,643,"1,103","2,379",True
103,Mid-Cap Growth,Wells Fargo Funds,2.57B,35.71%,0.00%,★★★★,"Jul 30, 2007",0.00,0.00,67.00%,N/A,WFDAX,1.21%,1.21%,1.21%,0.00%,5.75%,N/A,937,"1,202","1,957",True
104,Mid-Cap Growth,Value Line,387.54M,31.19%,0.00%,★★★★★,"Aug 10, 2017",0.00,0.00,10.00%,N/A,VLMIX,0.93%,0.93%,3.97%,0.00%,N/A,N/A,296,515,"1,143",True
105,Mid-Cap Growth,Victory,509.29M,27.06%,0.00%,★★★★,"Apr 30, 2007",0.00,0.00,126.00%,N/A,RMOYX,0.95%,0.95%,1.05%,N/A,N/A,N/A,324,570,"1,274",True
106,Mid-Cap Growth,CIBC Private Wealth Management,714.96M,23.84%,0.00%,★★★,"Jun 26, 2014",0.00,0.00,9.00%,N/A,AWMIX,0.85%,0.85%,0.85%,N/A,N/A,N/A,271,471,"1,049",True
107,Mid-Cap Growth,Voya,1.18B,20.73%,0.00%,★★★,"Aug 19, 1998",0.00,0.00,103.00%,N/A,NMCCX,2.01%,2.01%,2.01%,1.00%,N/A,1.00%,630,"1,083","2,338",True
108,Mid-Cap Growth,Commerce,216.67M,27.40%,0.36%,★★★★,"Dec 11, 1994",0.00,0.00,71.00%,N/A,CFAGX,0.84%,0.84%,0.84%,N/A,N/A,N/A,267,463,"1,031",True
109,Mid-Cap Growth,Allianz Funds,310.2M,32.58%,0.00%,★★★,"Nov 5, 1979",0.00,0.00,60.00%,N/A,DRMCX,0.79%,0.79%,0.79%,N/A,N/A,N/A,252,439,978,True
110,Mid-Cap Growth,Victory,238.17M,27.18%,0.00%,★★★,"Jul 31, 1996",0.00,0.00,79.00%,N/A,RSDGX,1.40%,1.40%,1.50%,0.25%,5.75%,N/A,"1,013","1,337","2,255",True
111,Mid-Cap Growth,Morgan Stanley,1.04B,44.78%,0.00%,★★★★,"Mar 29, 1990",0.00,0.00,86.00%,N/A,MPEGX,0.72%,0.72%,0.72%,N/A,N/A,N/A,230,401,894,True
112,Mid-Cap Growth,Fiera Capital,180.8M,20.07%,0.00%,★★,"Jun 28, 2012",0.00,0.00,N/A,N/A,APSGX,1.05%,1.05%,1.11%,N/A,N/A,N/A,347,606,"1,346",True
113,Mid-Cap Growth,BNY Mellon Funds,2.73B,20.04%,0.09%,★★,"Jul 10, 2001",0.01,0.00,50.53%,N/A,MIMSX,1.14%,1.14%,1.14%,N/A,N/A,N/A,362,628,"1,386",True
114,Mid-Cap Growth,Hodges,156.19M,12.76%,0.00%,★,"Oct 8, 1992",0.00,0.00,119.00%,N/A,HDPMX,1.18%,1.18%,1.34%,0.25%,N/A,N/A,409,719,"1,599",True
115,Mid-Cap Growth,Virtus,544.36M,35.06%,0.00%,★★★★,"Sep 12, 2007",0.00,0.00,N/A,N/A,PICMX,1.16%,1.16%,1.14%,N/A,N/A,N/A,364,630,"1,388",True
116,Mid-Cap Growth,Kinetics,745.16M,20.84%,0.00%,★★,"Dec 30, 1999",0.00,0.00,3.00%,N/A,WWNPX,1.64%,1.64%,1.73%,N/A,N/A,N/A,536,930,"2,033",True
117,Mid-Cap Growth,Carillon Family of Funds,5.78B,28.32%,0.00%,★★★★,"Nov 19, 2017",0.00,0.00,44.00%,N/A,HRAYX,1.13%,1.13%,1.13%,0.25%,N/A,N/A,359,622,"1,375",True
118,Mid-Cap Growth,RBC Global Asset Management.,91.9M,23.29%,0.00%,★★★,"May 31, 1994",0.00,0.00,22.00%,N/A,TMCIX,0.82%,0.82%,0.98%,N/A,N/A,N/A,296,526,"1,187",True
119,Mid-Cap Growth,Victory,238.17M,26.53%,0.00%,★★★,"Nov 14, 2007",0.00,0.00,79.00%,N/A,RSGFX,2.18%,2.18%,2.25%,1.00%,N/A,1.00%,697,"1,199","2,580",True
120,Mid-Cap Growth,Alger,189.73M,30.00%,0.00%,★★★★,"May 27, 2015",0.00,0.00,125.34%,N/A,AMCZX,1.03%,1.03%,1.03%,N/A,N/A,N/A,328,569,"1,259",True
121,Mid-Cap Growth,American Beacon,317.89M,22.87%,0.00%,★★★,"Feb 23, 2012",0.00,0.00,N/A,N/A,SMFAX,1.29%,1.29%,1.32%,0.25%,5.75%,N/A,966,"1,254","2,071",True
122,Mid-Cap Growth,Fidelity Investments,2.94B,27.00%,0.59%,★★★,"Dec 27, 1990",0.00,0.00,43.00%,N/A,FDEGX,0.59%,0.59%,0.59%,N/A,N/A,N/A,189,329,738,True
123,Mid-Cap Growth,T. Rowe Price,1.58B,27.61%,0.25%,★★★★,"Dec 30, 2003",0.09,0.00,20.10%,N/A,PRDMX,0.83%,0.83%,0.83%,N/A,N/A,N/A,265,460,"1,025",True
124,Mid-Cap Growth,Shelton Capital Management,56.55M,30.06%,0.08%,★,"Mar 11, 2013",0.02,0.00,13.00%,N/A,NEXTX,1.30%,1.30%,1.30%,N/A,N/A,N/A,412,713,"1,568",True
125,Mid-Cap Growth,Legg Mason,637.85M,23.46%,0.00%,★★★★★,"Nov 29, 2012",0.00,0.00,27.00%,N/A,LBFIX,1.24%,1.24%,1.46%,N/A,N/A,N/A,440,776,"1,727",True
126,Mid-Cap Growth,BlackRock,4.94B,34.82%,0.00%,★★★★★,"Dec 26, 1996",0.00,0.00,43.00%,N/A,BMGCX,1.80%,1.80%,1.91%,1.00%,N/A,1.00%,589,"1,021","2,224",True
127,Mid-Cap Growth,Eventide Funds,2.57B,28.00%,0.00%,★★★★,"Oct 27, 2009",0.00,0.00,38.00%,N/A,ETAGX,1.45%,1.45%,1.45%,0.25%,5.75%,N/A,"1,007","1,322","2,210",True
128,Mid-Cap Growth,Allianz Funds,310.2M,32.46%,0.00%,★★★,"Feb 4, 2002",0.00,0.00,60.00%,N/A,RMDAX,1.14%,1.14%,1.14%,0.25%,5.50%,N/A,892,"1,143","1,860",True
129,Mid-Cap Growth,Virtus,417.73M,20.39%,0.00%,★★★,"Jun 21, 2009",0.00,0.00,N/A,N/A,VMCCX,1.95%,1.95%,2.14%,1.00%,N/A,1.00%,652,"1,132","2,457",True
130,Mid-Cap Growth,Tributary Funds,143.19M,22.46%,0.00%,★★★,"Mar 31, 1998",0.00,0.00,N/A,N/A,FOGRX,1.11%,1.11%,1.34%,N/A,N/A,N/A,402,712,"1,593",True
131,Mid-Cap Growth,Baron Capital Group,6.92B,30.65%,0.00%,★★★★,"Dec 29, 1994",0.00,0.00,2.92%,N/A,BGRFX,1.29%,1.29%,1.29%,0.25%,N/A,N/A,409,708,"1,556",True
132,Mid-Cap Growth,Hartford Mutual Funds,13.97B,25.02%,0.00%,★★★,"May 28, 2009",0.00,0.00,37.00%,N/A,HFMSX,1.16%,1.16%,1.16%,0.25%,N/A,N/A,368,638,"1,409",True
133,Mid-Cap Growth,Hartford Mutual Funds,13.97B,24.81%,0.00%,★★★,"May 28, 2009",0.00,0.00,37.00%,N/A,HFMRX,1.47%,1.47%,1.47%,0.50%,N/A,N/A,465,803,"1,757",True
134,Mid-Cap Growth,Guggenheim Investments,86.76M,23.50%,1.08%,★★★,"Feb 29, 2012",0.52,0.00,52.00%,N/A,GIUIX,1.26%,1.26%,1.29%,N/A,N/A,N/A,406,705,"1,554",True
135,Mid-Cap Growth,Champlain Funds,3.47B,16.33%,0.00%,★★★★,"Jan 2, 2011",0.00,0.00,33.00%,N/A,CIPIX,0.90%,0.90%,0.90%,N/A,N/A,N/A,287,498,"1,108",True
136,Mid-Cap Growth,Kinetics,745.16M,21.01%,0.00%,★★,"May 26, 2005",0.00,0.00,3.00%,N/A,KNPYX,1.44%,1.44%,1.68%,N/A,N/A,N/A,506,890,"1,967",True
137,Mid-Cap Growth,Marsico Investment Fund,284.62M,26.84%,0.00%,★★★★,"Jan 31, 2000",0.00,0.00,90.00%,N/A,MXXIX,1.42%,1.42%,1.42%,0.25%,N/A,N/A,449,776,"1,702",True
138,Mid-Cap Growth,AMG Funds,148.53M,20.46%,0.00%,★,"Oct 30, 2000",0.00,0.00,167.00%,N/A,BWAFX,1.13%,1.13%,1.13%,N/A,N/A,N/A,359,622,"1,375",True
139,Mid-Cap Growth,PGIM Funds (Prudential),3.35B,30.27%,0.00%,★★★,"Dec 30, 1996",0.00,0.00,36.00%,N/A,PEGZX,0.80%,0.80%,0.80%,N/A,N/A,N/A,255,444,990,True
140,Mid-Cap Growth,Goldman Sachs,1.3B,26.68%,0.00%,★★★,"May 23, 1999",0.00,0.00,60.00%,N/A,GGOAX,1.24%,1.24%,1.37%,0.25%,5.50%,N/A,947,"1,246","2,094",True
141,Mid-Cap Growth,JPMorgan,2.71B,21.70%,0.42%,★★★,"Dec 30, 1996",0.00,0.00,34.00%,N/A,VSNGX,0.89%,0.89%,1.01%,N/A,N/A,N/A,310,546,"1,225",True
142,Mid-Cap Growth,Congress,1.06B,22.53%,0.00%,★★★,"Oct 30, 2012",0.00,0.00,44.00%,N/A,CMIDX,1.08%,1.08%,1.08%,0.25%,N/A,N/A,343,595,"1,317",True
143,Mid-Cap Growth,Tocqueville,91.56M,36.70%,0.00%,★★★,"Jul 31, 1994",0.00,0.00,151.00%,N/A,TOPPX,1.27%,1.27%,1.34%,0.25%,N/A,N/A,418,727,"1,607",True
144,Mid-Cap Growth,Alger,189.73M,29.74%,0.00%,★★,"Dec 30, 1996",0.00,0.00,125.34%,N/A,AMGAX,1.30%,1.30%,1.30%,0.25%,5.25%,N/A,915,"1,200","2,010",True
145,Mid-Cap Growth,Aquila,313.4M,26.96%,0.00%,★★★,"Jul 21, 1994",0.00,0.00,123.00%,N/A,ATGAX,1.42%,1.42%,1.42%,0.30%,4.25%,N/A,855,"1,168","2,055",True
146,Mid-Cap Growth,Needham,94.59M,25.26%,0.00%,★★,"Dec 29, 2016",0.00,0.00,8.00%,N/A,NEEIX,2.21%,2.21%,2.48%,N/A,N/A,N/A,747,"1,296","2,796",True
147,Mid-Cap Growth,Federated,6.83B,28.17%,0.00%,★★★★,"Apr 23, 2001",0.00,0.00,33.00%,N/A,KAUAX,1.98%,1.98%,2.02%,0.25%,5.50%,N/A,"1,149","1,578","2,769",True
148,Mid-Cap Growth,AMG Funds,819.74M,22.08%,0.00%,★★,"Dec 29, 1985",0.00,0.00,138.00%,N/A,BRWIX,1.10%,1.10%,1.10%,N/A,N/A,N/A,350,606,"1,340",True
149,Mid-Cap Growth,Voya,1.18B,21.58%,0.00%,★★★,"Aug 19, 1998",0.00,0.00,103.00%,N/A,NMCIX,0.98%,0.98%,0.98%,N/A,N/A,N/A,312,542,"1,201",True
150,Mid-Cap Growth,Madison Funds,142.75M,10.61%,0.00%,★★,"Feb 28, 2000",N/A,0.00,31.00%,N/A,MERAX,1.40%,1.40%,1.40%,0.25%,5.75%,N/A,993,"1,297","2,158",False
151,Mid-Cap Growth,Victory,1.3B,21.26%,0.00%,★★,"Jul 13, 2000",0.00,0.00,82.00%,N/A,MGOTX,1.96%,1.96%,1.96%,1.00%,N/A,1.00%,615,"1,057","2,285",True
152,Mid-Cap Growth,William Blair,69.6M,27.62%,0.00%,★★★,"Jan 31, 2006",0.00,0.00,58.00%,N/A,WCGNX,1.20%,1.20%,1.52%,0.25%,N/A,N/A,449,799,"1,785",True
153,Mid-Cap Growth,RBC Global Asset Management.,91.9M,23.16%,0.00%,★★★,"May 31, 1994",0.00,0.00,22.00%,N/A,TMCAX,1.07%,1.07%,1.40%,0.25%,5.75%,N/A,962,"1,267","2,131",True
154,Mid-Cap Growth,Wells Fargo Funds,782.69M,35.21%,0.00%,★★★★,"Aug 29, 2002",0.00,0.00,62.00%,N/A,SEPKX,1.10%,1.10%,1.17%,0.00%,N/A,N/A,365,637,"1,414",True
155,Mid-Cap Growth,Neuberger Berman,1.44B,27.92%,0.00%,★★★,"May 26, 2009",0.00,0.00,50.00%,N/A,NMGCX,1.86%,1.86%,1.86%,1.00%,N/A,1.00%,585,"1,006","2,180",True
156,Mid-Cap Growth,Pioneer Investments,2.07B,24.85%,0.00%,★★★,"Jun 29, 1993",0.00,0.00,82.00%,N/A,PGRRX,1.44%,1.44%,1.44%,0.50%,N/A,N/A,456,787,"1,724",True
157,Mid-Cap Growth,Federated,587.76M,26.21%,0.00%,★★★,"Jan 28, 2010",0.00,0.00,171.00%,N/A,FGSIX,0.85%,0.85%,1.02%,N/A,N/A,N/A,325,563,"1,248",True
158,Mid-Cap Growth,Kinetics,84.73M,17.09%,0.00%,★★★,"Jan 30, 2006",0.00,0.00,8.00%,N/A,KMKNX,1.40%,1.40%,1.86%,N/A,N/A,N/A,443,764,"1,660",True
159,Mid-Cap Growth,BNY Mellon,2.12B,27.57%,0.00%,★★★★,"Mar 30, 2009",0.00,0.00,56.70%,N/A,DBMAX,1.00%,1.00%,1.00%,N/A,5.75%,N/A,875,"1,096","1,729",True
160,Mid-Cap Growth,Victory,1.3B,21.79%,0.00%,★★,"Jul 2, 2000",0.00,0.00,82.00%,N/A,MGOAX,1.28%,1.28%,1.28%,0.25%,5.75%,N/A,958,"1,237","2,031",True
161,Mid-Cap Growth,Baron Capital Group,4.44B,32.10%,0.00%,★★★★★,"May 28, 2009",0.00,0.00,9.87%,N/A,BARIX,1.04%,1.04%,1.04%,0.00%,N/A,N/A,331,574,"1,271",True
162,Mid-Cap Growth,Harbor,257.12M,31.06%,0.00%,★★★,"Oct 31, 2002",0.00,0.00,85.00%,N/A,HIMGX,1.23%,1.23%,1.26%,0.25%,N/A,N/A,397,689,"1,520",True
163,Mid-Cap Growth,Morgan Stanley,1.04B,44.60%,0.00%,★★★★,"Jan 30, 1997",0.00,0.00,86.00%,N/A,MACGX,1.02%,1.02%,1.02%,0.25%,5.25%,N/A,833,"1,059","1,707",True
164,Mid-Cap Growth,Kinetics,745.16M,20.63%,0.00%,★★,"Apr 25, 2001",0.00,0.00,3.00%,N/A,KNPAX,1.89%,1.89%,1.98%,0.50%,5.75%,N/A,"1,152","1,573","2,742",True
165,Mid-Cap Growth,Nationwide,590.38M,23.09%,0.00%,★★★,"Jan 3, 1999",0.00,0.00,14.29%,N/A,NWHVX,1.14%,1.14%,1.14%,0.25%,5.75%,N/A,916,"1,167","1,881",True
166,Mid-Cap Growth,Hartford Mutual Funds,13.97B,25.32%,0.00%,★★★★,"Dec 30, 1997",0.00,0.00,37.00%,N/A,HMDYX,0.79%,0.79%,0.85%,N/A,N/A,N/A,265,465,"1,043",True
167,Mid-Cap Growth,Hartford Mutual Funds,13.97B,25.29%,0.00%,★★★,"Feb 26, 2009",0.00,0.00,37.00%,N/A,HFMIX,0.82%,0.82%,0.82%,N/A,N/A,N/A,262,455,"1,014",True
168,Mid-Cap Growth,Wells Fargo Funds,782.69M,35.15%,0.00%,★★★★,"Feb 23, 2000",0.00,0.00,62.00%,N/A,SENAX,1.18%,1.18%,1.25%,0.00%,5.75%,N/A,942,"1,216","1,994",True
169,Mid-Cap Growth,Champlain Funds,3.47B,16.11%,0.00%,★★★★,"Jun 29, 2008",0.00,0.00,33.00%,N/A,CIPMX,1.15%,1.15%,1.15%,0.25%,N/A,N/A,365,633,"1,398",True
170,Mid-Cap Growth,Touchstone,1.2B,27.27%,0.00%,★★★,"Oct 2, 1994",0.00,0.00,71.00%,N/A,TOECX,2.04%,2.04%,2.04%,1.00%,N/A,1.00%,640,"1,098","2,369",True
171,Mid-Cap Growth,Franklin Templeton Investments,3.42B,25.17%,0.00%,★★★,"Feb 13, 1992",0.00,0.00,54.28%,N/A,FRSGX,0.91%,0.91%,0.92%,0.25%,5.50%,N/A,826,"1,030","1,619",True
172,Mid-Cap Growth,BlackRock,4.94B,35.54%,0.00%,★★★★★,"Dec 26, 1996",0.00,0.00,43.00%,N/A,BMGAX,1.05%,1.05%,1.26%,0.25%,5.25%,N/A,884,"1,161","1,950",True
173,Mid-Cap Growth,Legg Mason,91.79M,23.97%,0.00%,★★,"Aug 30, 2010",0.00,0.00,21.00%,N/A,LBGAX,1.20%,1.20%,1.32%,0.25%,5.75%,N/A,958,"1,246","2,064",True
174,Mid-Cap Growth,Nicholas,917.36M,25.00%,0.26%,★★★,"Feb 27, 2005",0.00,0.00,26.63%,N/A,NNTWX,0.93%,0.93%,0.93%,0.25%,N/A,N/A,296,515,"1,143",True
175,Mid-Cap Growth,Needham,94.59M,24.75%,0.00%,★,"Jan 1, 1996",0.00,0.00,8.00%,N/A,NEEGX,2.76%,2.76%,2.76%,0.25%,N/A,N/A,856,"1,459","3,090",True
176,Mid-Cap Growth,FAM,1.32B,19.41%,0.09%,★★★,"Jan 1, 1987",0.07,0.00,12.00%,N/A,FAMVX,1.19%,1.19%,1.20%,N/A,N/A,N/A,380,659,"1,454",True
177,Mid-Cap Growth,JPMorgan,2.71B,21.49%,0.23%,★★★,"Nov 1, 2009",0.00,0.00,34.00%,N/A,JCMAX,1.14%,1.14%,1.26%,0.25%,5.25%,N/A,892,"1,169","1,958",True
178,Mid-Cap Growth,FAM,1.32B,19.57%,0.26%,★★★,"Jan 2, 2017",0.22,0.00,12.00%,N/A,FAMWX,1.00%,1.00%,1.11%,N/A,N/A,N/A,342,601,"1,342",True
179,Mid-Cap Growth,Wells Fargo Funds,782.69M,34.47%,0.00%,★★★,"Mar 30, 2008",0.00,0.00,62.00%,N/A,WENCX,1.93%,1.93%,2.00%,0.75%,N/A,1.00%,621,"1,071","2,322",True
180,Mid-Cap Growth,HSBC,133.23M,18.32%,0.00%,★★,"Sep 22, 1996",0.00,0.00,77.00%,N/A,HSOAX,1.65%,1.65%,5.37%,0.00%,5.00%,N/A,"1,710","2,753","5,326",True
181,Mid-Cap Growth,Virtus,544.36M,34.76%,0.00%,★★★★,"Dec 30, 1975",0.00,0.00,N/A,N/A,PHSKX,1.41%,1.41%,1.38%,0.25%,5.75%,N/A,990,"1,289","2,140",True
182,Mid-Cap Growth,Goldman Sachs,1.3B,26.05%,0.00%,★★,"May 23, 1999",0.00,0.00,60.00%,N/A,GGOCX,1.99%,1.99%,2.12%,0.75%,N/A,1.00%,651,"1,127","2,442",True
183,Small Growth,Pioneer Investments,567.27M,15.00%,0.00%,★★,"Sep 29, 1996",N/A,0.00,137.00%,N/A,PGOFX,1.26%,1.26%,1.26%,0.25%,5.75%,N/A,952,"1,227","2,010",False
184,Mid-Cap Growth,Neuberger Berman,1.44B,28.88%,0.00%,★★★★,"Apr 18, 2007",0.00,0.00,50.00%,N/A,NBMLX,0.71%,0.71%,0.71%,N/A,N/A,N/A,227,395,883,True
185,Mid-Cap Growth,Advisors Preferred,160.52M,9.87%,0.00%,★,"Mar 17, 2016",0.00,0.00,495.00%,N/A,QMLAX,2.36%,2.36%,2.36%,1.00%,N/A,N/A,736,"1,260","2,696",True
186,Mid-Cap Growth,Baron Capital Group,231.59M,14.86%,0.00%,★★,"Jun 29, 2008",0.00,0.00,1.85%,N/A,BFGFX,1.35%,1.35%,1.39%,0.25%,N/A,N/A,428,739,"1,624",True
